,resultId,name,driverRef,constructorRef,Outcome,Bin,CL_Outcome,CL_Bin,SVM_Outcome,SVM_Bin,RNF_Outcome,RNF_Bin,NN_Outcome,NN_Bin
0,23379,Australian Grand Prix,vettel,ferrari,1,1,2,1,3,1,1,1,2,1
1,23380,Australian Grand Prix,hamilton,mercedes,2,1,1,1,1,1,4,2,1,1
2,23381,Australian Grand Prix,bottas,mercedes,3,1,5,2,19,4,2,1,6,2
3,23382,Australian Grand Prix,raikkonen,ferrari,4,2,4,2,4,2,6,2,4,2
4,23383,Australian Grand Prix,max_verstappen,red_bull,5,2,8,3,12,4,3,1,5,2
5,23384,Australian Grand Prix,massa,williams,6,2,7,3,5,2,7,3,16,4
6,23385,Australian Grand Prix,perez,force_india,7,3,12,4,6,2,8,3,17,4
7,23386,Australian Grand Prix,sainz,toro_rosso,8,3,9,3,11,4,9,3,14,4
8,23387,Australian Grand Prix,kvyat,toro_rosso,9,3,10,3,8,3,10,3,15,4
9,23388,Australian Grand Prix,ocon,force_india,10,3,14,4,7,3,11,4,9,3
10,23389,Australian Grand Prix,hulkenberg,renault,11,4,13,4,10,3,12,4,12,4
11,23390,Australian Grand Prix,giovinazzi,sauber,12,4,16,4,13,4,13,4,18,4
12,23391,Australian Grand Prix,vandoorne,mclaren,13,4,18,4,16,4,14,4,10,3
13,23392,Australian Grand Prix,alonso,mclaren,0,4,11,4,2,1,15,4,7,3
14,23393,Australian Grand Prix,kevin_magnussen,haas,0,4,17,4,20,4,16,4,13,4
15,23394,Australian Grand Prix,stroll,williams,0,4,20,4,18,4,17,4,20,4
16,23395,Australian Grand Prix,ricciardo,red_bull,0,4,3,1,14,4,18,4,3,1
17,23396,Australian Grand Prix,ericsson,sauber,0,4,15,4,9,3,19,4,19,4
18,23397,Australian Grand Prix,jolyon_palmer,renault,0,4,19,4,17,4,20,4,8,3
19,23398,Australian Grand Prix,grosjean,haas,0,4,6,2,15,4,5,2,11,4
20,23399,Chinese Grand Prix,hamilton,mercedes,1,1,1,1,1,1,1,1,1,1
21,23400,Chinese Grand Prix,vettel,ferrari,2,1,2,1,4,2,2,1,2,1
22,23401,Chinese Grand Prix,max_verstappen,red_bull,3,1,16,4,15,4,7,3,7,3
23,23402,Chinese Grand Prix,ricciardo,red_bull,4,2,6,2,7,3,4,2,4,2
24,23403,Chinese Grand Prix,raikkonen,ferrari,5,2,3,1,3,1,5,2,3,1
25,23404,Chinese Grand Prix,bottas,mercedes,6,2,4,2,2,1,3,1,5,2
26,23405,Chinese Grand Prix,sainz,toro_rosso,7,3,12,4,11,4,8,3,13,4
27,23406,Chinese Grand Prix,kevin_magnussen,haas,8,3,13,4,19,4,9,3,12,4
28,23407,Chinese Grand Prix,perez,force_india,9,3,8,3,8,3,10,3,17,4
29,23408,Chinese Grand Prix,ocon,force_india,10,3,18,4,16,4,11,4,9,3
30,23409,Chinese Grand Prix,grosjean,haas,11,4,17,4,20,4,12,4,14,4
31,23410,Chinese Grand Prix,hulkenberg,renault,12,4,7,3,9,3,13,4,8,3
32,23411,Chinese Grand Prix,jolyon_palmer,renault,13,4,20,4,18,4,14,4,11,4
33,23412,Chinese Grand Prix,massa,williams,14,4,5,2,6,2,15,4,16,4
34,23413,Chinese Grand Prix,ericsson,sauber,15,4,14,4,13,4,16,4,18,4
35,23414,Chinese Grand Prix,alonso,mclaren,0,4,11,4,5,2,6,2,6,2
36,23415,Chinese Grand Prix,kvyat,toro_rosso,0,4,9,3,10,3,17,4,19,4
37,23416,Chinese Grand Prix,vandoorne,mclaren,0,4,15,4,14,4,18,4,10,3
38,23417,Chinese Grand Prix,giovinazzi,sauber,0,4,19,4,17,4,19,4,20,4
39,23418,Chinese Grand Prix,stroll,williams,0,4,10,3,12,4,20,4,15,4
40,23419,Bahrain Grand Prix,vettel,ferrari,1,1,2,1,6,2,5,2,2,1
41,23420,Bahrain Grand Prix,hamilton,mercedes,2,1,1,1,1,1,1,1,1,1
42,23421,Bahrain Grand Prix,bottas,mercedes,3,1,3,1,12,4,2,1,6,2
43,23422,Bahrain Grand Prix,raikkonen,ferrari,4,2,4,2,11,4,6,2,4,2
44,23423,Bahrain Grand Prix,ricciardo,red_bull,5,2,5,2,7,3,3,1,3,1
45,23424,Bahrain Grand Prix,massa,williams,6,2,6,2,15,4,7,3,16,4
46,23425,Bahrain Grand Prix,perez,force_india,7,3,18,4,17,4,8,3,20,4
47,23426,Bahrain Grand Prix,grosjean,haas,8,3,8,3,19,4,9,3,11,4
48,23427,Bahrain Grand Prix,hulkenberg,renault,9,3,9,3,9,3,10,3,9,3
49,23428,Bahrain Grand Prix,ocon,force_india,10,3,15,4,10,3,11,4,12,4
50,23429,Bahrain Grand Prix,wehrlein,sauber,11,4,14,4,8,3,12,4,14,4
51,23430,Bahrain Grand Prix,kvyat,toro_rosso,12,4,11,4,4,2,13,4,18,4
52,23431,Bahrain Grand Prix,jolyon_palmer,renault,13,4,10,3,2,1,14,4,7,3
53,23432,Bahrain Grand Prix,alonso,mclaren,14,4,13,4,16,4,15,4,8,3
54,23433,Bahrain Grand Prix,ericsson,sauber,0,4,19,4,18,4,16,4,19,4
55,23434,Bahrain Grand Prix,sainz,toro_rosso,0,4,16,4,13,4,17,4,15,4
56,23435,Bahrain Grand Prix,stroll,williams,0,4,12,4,5,2,18,4,17,4
57,23436,Bahrain Grand Prix,max_verstappen,red_bull,0,4,7,3,3,1,4,2,5,2
58,23437,Bahrain Grand Prix,kevin_magnussen,haas,0,4,20,4,20,4,19,4,13,4
59,23438,Bahrain Grand Prix,vandoorne,mclaren,0,4,17,4,14,4,20,4,10,3
60,23439,Russian Grand Prix,bottas,mercedes,1,1,4,2,2,1,3,1,7,3
61,23440,Russian Grand Prix,vettel,ferrari,2,1,1,1,3,1,1,1,2,1
62,23441,Russian Grand Prix,raikkonen,ferrari,3,1,2,1,4,2,2,1,3,1
63,23442,Russian Grand Prix,hamilton,mercedes,4,2,3,1,1,1,4,2,1,1
64,23443,Russian Grand Prix,max_verstappen,red_bull,5,2,7,3,7,3,5,2,4,2
65,23444,Russian Grand Prix,perez,force_india,6,2,9,3,10,3,6,2,13,4
66,23445,Russian Grand Prix,ocon,force_india,7,3,10,3,11,4,7,3,6,2
67,23446,Russian Grand Prix,hulkenberg,renault,8,3,8,3,9,3,8,3,8,3
68,23447,Russian Grand Prix,massa,williams,9,3,5,2,8,3,9,3,15,4
69,23448,Russian Grand Prix,sainz,toro_rosso,10,3,15,4,14,4,10,3,18,4
70,23449,Russian Grand Prix,stroll,williams,11,4,11,4,12,4,11,4,16,4
71,23450,Russian Grand Prix,kvyat,toro_rosso,12,4,12,4,13,4,12,4,17,4
72,23451,Russian Grand Prix,kevin_magnussen,haas,13,4,14,4,6,2,13,4,14,4
73,23452,Russian Grand Prix,vandoorne,mclaren,14,4,20,4,15,4,14,4,11,4
74,23453,Russian Grand Prix,ericsson,sauber,15,4,19,4,18,4,15,4,20,4
75,23454,Russian Grand Prix,wehrlein,sauber,16,4,18,4,17,4,16,4,19,4
76,23455,Russian Grand Prix,ricciardo,red_bull,0,4,6,2,5,2,17,4,5,2
77,23456,Russian Grand Prix,jolyon_palmer,renault,0,4,16,4,16,4,18,4,9,3
78,23457,Russian Grand Prix,grosjean,haas,0,4,17,4,19,4,19,4,12,4
79,23458,Russian Grand Prix,alonso,mclaren,0,4,13,4,20,4,20,4,10,3
80,23459,Spanish Grand Prix,hamilton,mercedes,1,1,1,1,1,1,2,1,1,1
81,23460,Spanish Grand Prix,vettel,ferrari,2,1,2,1,6,2,4,2,2,1
82,23461,Spanish Grand Prix,ricciardo,red_bull,3,1,7,3,5,2,5,2,5,2
83,23462,Spanish Grand Prix,perez,force_india,4,2,9,3,4,2,6,2,16,4
84,23463,Spanish Grand Prix,ocon,force_india,5,2,10,3,2,1,7,3,8,3
85,23464,Spanish Grand Prix,hulkenberg,renault,6,2,14,4,8,3,8,3,11,4
86,23465,Spanish Grand Prix,sainz,toro_rosso,7,3,13,4,7,3,9,3,14,4
87,23466,Spanish Grand Prix,wehrlein,sauber,8,3,15,4,10,3,10,3,15,4
88,23467,Spanish Grand Prix,kvyat,toro_rosso,9,3,19,4,14,4,11,4,19,4
89,23468,Spanish Grand Prix,grosjean,haas,10,3,12,4,20,4,12,4,12,4
90,23469,Spanish Grand Prix,ericsson,sauber,11,4,16,4,12,4,13,4,18,4
91,23470,Spanish Grand Prix,alonso,mclaren,12,4,5,2,15,4,14,4,6,2
92,23471,Spanish Grand Prix,massa,williams,13,4,8,3,17,4,15,4,17,4
93,23472,Spanish Grand Prix,kevin_magnussen,haas,14,4,11,4,19,4,16,4,13,4
94,23473,Spanish Grand Prix,jolyon_palmer,renault,15,4,17,4,11,4,17,4,9,3
95,23474,Spanish Grand Prix,stroll,williams,16,4,18,4,13,4,18,4,20,4
96,23475,Spanish Grand Prix,bottas,mercedes,0,4,4,2,18,4,3,1,7,3
97,23476,Spanish Grand Prix,vandoorne,mclaren,0,4,20,4,16,4,19,4,10,3
98,23477,Spanish Grand Prix,max_verstappen,red_bull,0,4,6,2,3,1,1,1,4,2
99,23478,Spanish Grand Prix,raikkonen,ferrari,0,4,3,1,9,3,20,4,3,1
100,23479,Monaco Grand Prix,vettel,ferrari,1,1,2,1,2,1,4,2,1,1
101,23480,Monaco Grand Prix,raikkonen,ferrari,2,1,1,1,1,1,1,1,2,1
102,23481,Monaco Grand Prix,ricciardo,red_bull,3,1,5,2,4,2,7,3,4,2
103,23482,Monaco Grand Prix,bottas,mercedes,4,2,3,1,15,4,3,1,6,2
104,23483,Monaco Grand Prix,max_verstappen,red_bull,5,2,4,2,3,1,5,2,5,2
105,23484,Monaco Grand Prix,sainz,toro_rosso,6,2,7,3,5,2,6,2,13,4
106,23485,Monaco Grand Prix,hamilton,mercedes,7,3,11,4,20,4,2,1,3,1
107,23486,Monaco Grand Prix,grosjean,haas,8,3,6,2,18,4,8,3,8,3
108,23487,Monaco Grand Prix,massa,williams,9,3,13,4,16,4,9,3,20,4
109,23488,Monaco Grand Prix,kevin_magnussen,haas,10,3,12,4,19,4,10,3,12,4
110,23489,Monaco Grand Prix,jolyon_palmer,renault,11,4,16,4,11,4,11,4,7,3
111,23490,Monaco Grand Prix,ocon,force_india,12,4,15,4,10,3,12,4,9,3
112,23491,Monaco Grand Prix,perez,force_india,13,4,8,3,6,2,13,4,15,4
113,23492,Monaco Grand Prix,kvyat,toro_rosso,14,4,9,3,7,3,14,4,16,4
114,23493,Monaco Grand Prix,stroll,williams,15,4,17,4,12,4,15,4,18,4
115,23494,Monaco Grand Prix,vandoorne,mclaren,0,4,14,4,8,3,16,4,10,3
116,23495,Monaco Grand Prix,ericsson,sauber,0,4,20,4,14,4,17,4,19,4
117,23496,Monaco Grand Prix,button,mclaren,0,4,18,4,17,4,18,4,14,4
118,23497,Monaco Grand Prix,wehrlein,sauber,0,4,19,4,13,4,19,4,17,4
119,23498,Monaco Grand Prix,hulkenberg,renault,0,4,10,3,9,3,20,4,11,4
120,23499,Canadian Grand Prix,hamilton,mercedes,1,1,1,1,1,1,1,1,1,1
121,23500,Canadian Grand Prix,bottas,mercedes,2,1,4,2,19,4,2,1,6,2
122,23501,Canadian Grand Prix,ricciardo,red_bull,3,1,7,3,16,4,3,1,3,1
123,23502,Canadian Grand Prix,vettel,ferrari,4,2,2,1,2,1,4,2,2,1
124,23503,Canadian Grand Prix,perez,force_india,5,2,8,3,15,4,5,2,16,4
125,23504,Canadian Grand Prix,ocon,force_india,6,2,9,3,14,4,6,2,9,3
126,23505,Canadian Grand Prix,raikkonen,ferrari,7,3,3,1,4,2,7,3,4,2
127,23506,Canadian Grand Prix,hulkenberg,renault,8,3,11,4,13,4,8,3,11,4
128,23507,Canadian Grand Prix,stroll,williams,9,3,17,4,6,2,9,3,20,4
129,23508,Canadian Grand Prix,grosjean,haas,10,3,13,4,18,4,10,3,12,4
130,23509,Canadian Grand Prix,jolyon_palmer,renault,11,4,15,4,8,3,11,4,7,3
131,23510,Canadian Grand Prix,kevin_magnussen,haas,12,4,18,4,20,4,12,4,13,4
132,23511,Canadian Grand Prix,ericsson,sauber,13,4,19,4,9,3,13,4,19,4
133,23512,Canadian Grand Prix,vandoorne,mclaren,14,4,16,4,7,3,14,4,10,3
134,23513,Canadian Grand Prix,wehrlein,sauber,15,4,20,4,10,3,15,4,18,4
135,23514,Canadian Grand Prix,alonso,mclaren,16,4,10,3,3,1,16,4,8,3
136,23515,Canadian Grand Prix,kvyat,toro_rosso,0,4,12,4,12,4,17,4,15,4
137,23516,Canadian Grand Prix,max_verstappen,red_bull,0,4,6,2,17,4,18,4,5,2
138,23517,Canadian Grand Prix,massa,williams,0,4,5,2,5,2,19,4,17,4
139,23518,Canadian Grand Prix,sainz,toro_rosso,0,4,14,4,11,4,20,4,14,4
140,23519,Azerbaijan Grand Prix,ricciardo,red_bull,1,1,10,3,10,3,3,1,6,2
141,23520,Azerbaijan Grand Prix,bottas,mercedes,2,1,4,2,2,1,2,1,3,1
142,23521,Azerbaijan Grand Prix,stroll,williams,3,1,9,3,9,3,4,2,9,3
143,23522,Azerbaijan Grand Prix,vettel,ferrari,4,2,3,1,4,2,5,2,2,1
144,23523,Azerbaijan Grand Prix,hamilton,mercedes,5,2,1,1,1,1,1,1,1,1
145,23524,Azerbaijan Grand Prix,ocon,force_india,6,2,8,3,7,3,6,2,8,3
146,23525,Azerbaijan Grand Prix,kevin_magnussen,haas,7,3,12,4,8,3,7,3,15,4
147,23526,Azerbaijan Grand Prix,sainz,toro_rosso,8,3,16,4,14,4,8,3,19,4
148,23527,Azerbaijan Grand Prix,alonso,mclaren,9,3,17,4,20,4,9,3,11,4
149,23528,Azerbaijan Grand Prix,wehrlein,sauber,10,3,15,4,13,4,10,3,14,4
150,23529,Azerbaijan Grand Prix,ericsson,sauber,11,4,18,4,18,4,11,4,18,4
151,23530,Azerbaijan Grand Prix,vandoorne,mclaren,12,4,19,4,16,4,12,4,13,4
152,23531,Azerbaijan Grand Prix,grosjean,haas,13,4,14,4,19,4,13,4,10,3
153,23532,Azerbaijan Grand Prix,raikkonen,ferrari,14,4,2,1,3,1,14,4,4,2
154,23533,Azerbaijan Grand Prix,perez,force_india,0,4,6,2,6,2,15,4,17,4
155,23534,Azerbaijan Grand Prix,massa,williams,0,4,7,3,17,4,16,4,12,4
156,23535,Azerbaijan Grand Prix,hulkenberg,renault,0,4,13,4,12,4,17,4,7,3
157,23536,Azerbaijan Grand Prix,max_verstappen,red_bull,0,4,5,2,5,2,18,4,5,2
158,23537,Azerbaijan Grand Prix,kvyat,toro_rosso,0,4,11,4,11,4,19,4,20,4
159,23538,Azerbaijan Grand Prix,jolyon_palmer,renault,0,4,20,4,15,4,20,4,16,4
160,23542,Austrian Grand Prix,bottas,mercedes,1,1,3,1,1,1,1,1,6,2
161,23543,Austrian Grand Prix,vettel,ferrari,2,1,1,1,3,1,2,1,2,1
162,23544,Austrian Grand Prix,ricciardo,red_bull,3,1,5,2,6,2,6,2,4,2
163,23545,Austrian Grand Prix,hamilton,mercedes,4,2,7,3,4,2,3,1,1,1
164,23546,Austrian Grand Prix,raikkonen,ferrari,5,2,2,1,5,2,4,2,3,1
165,23547,Austrian Grand Prix,grosjean,haas,6,2,4,2,2,1,5,2,8,3
166,23548,Austrian Grand Prix,perez,force_india,7,3,8,3,8,3,7,3,15,4
167,23549,Austrian Grand Prix,ocon,force_india,8,3,9,3,9,3,8,3,7,3
168,23550,Austrian Grand Prix,massa,williams,9,3,15,4,20,4,9,3,19,4
169,23551,Austrian Grand Prix,stroll,williams,10,3,18,4,15,4,10,3,16,4
170,23552,Austrian Grand Prix,jolyon_palmer,renault,11,4,17,4,17,4,11,4,11,4
171,23553,Austrian Grand Prix,vandoorne,mclaren,12,4,13,4,13,4,12,4,9,3
172,23554,Austrian Grand Prix,hulkenberg,renault,13,4,12,4,12,4,13,4,12,4
173,23555,Austrian Grand Prix,wehrlein,sauber,14,4,20,4,16,4,14,4,18,4
174,23556,Austrian Grand Prix,ericsson,sauber,15,4,19,4,18,4,15,4,20,4
175,23557,Austrian Grand Prix,kvyat,toro_rosso,16,4,14,4,14,4,16,4,17,4
176,23558,Austrian Grand Prix,sainz,toro_rosso,0,4,11,4,11,4,17,4,14,4
177,23559,Austrian Grand Prix,kevin_magnussen,haas,0,4,16,4,10,3,18,4,13,4
178,23560,Austrian Grand Prix,alonso,mclaren,0,4,10,3,19,4,19,4,10,3
179,23561,Austrian Grand Prix,max_verstappen,red_bull,0,4,6,2,7,3,20,4,5,2
180,23562,British Grand Prix,hamilton,mercedes,1,1,1,1,1,1,1,1,1,1
181,23563,British Grand Prix,bottas,mercedes,2,1,10,3,18,4,4,2,9,3
182,23564,British Grand Prix,raikkonen,ferrari,3,1,2,1,8,3,2,1,3,1
183,23565,British Grand Prix,max_verstappen,red_bull,4,2,4,2,3,1,5,2,4,2
184,23566,British Grand Prix,ricciardo,red_bull,5,2,20,4,15,4,6,2,11,4
185,23567,British Grand Prix,hulkenberg,renault,6,2,5,2,6,2,7,3,6,2
186,23568,British Grand Prix,vettel,ferrari,7,3,3,1,11,4,3,1,2,1
187,23569,British Grand Prix,ocon,force_india,8,3,7,3,2,1,8,3,5,2
188,23570,British Grand Prix,perez,force_india,9,3,6,2,4,2,9,3,14,4
189,23571,British Grand Prix,massa,williams,10,3,12,4,17,4,10,3,20,4
190,23572,British Grand Prix,vandoorne,mclaren,11,4,9,3,5,2,11,4,8,3
191,23573,British Grand Prix,kevin_magnussen,haas,12,4,16,4,20,4,12,4,13,4
192,23574,British Grand Prix,grosjean,haas,13,4,8,3,16,4,13,4,10,3
193,23575,British Grand Prix,ericsson,sauber,14,4,19,4,14,4,14,4,19,4
194,23576,British Grand Prix,kvyat,toro_rosso,15,4,13,4,9,3,15,4,17,4
195,23577,British Grand Prix,stroll,williams,16,4,15,4,12,4,16,4,18,4
196,23578,British Grand Prix,wehrlein,sauber,17,4,17,4,13,4,17,4,16,4
197,23579,British Grand Prix,alonso,mclaren,0,4,18,4,19,4,18,4,12,4
198,23580,British Grand Prix,sainz,toro_rosso,0,4,14,4,10,3,19,4,15,4
199,23581,British Grand Prix,jolyon_palmer,renault,0,4,11,4,7,3,20,4,7,3
200,23582,Hungarian Grand Prix,vettel,ferrari,1,1,1,1,1,1,3,1,2,1
201,23583,Hungarian Grand Prix,raikkonen,ferrari,2,1,2,1,3,1,1,1,3,1
202,23584,Hungarian Grand Prix,bottas,mercedes,3,1,4,2,18,4,4,2,7,3
203,23585,Hungarian Grand Prix,hamilton,mercedes,4,2,3,1,2,1,2,1,1,1
204,23586,Hungarian Grand Prix,max_verstappen,red_bull,5,2,6,2,17,4,5,2,5,2
205,23587,Hungarian Grand Prix,alonso,mclaren,6,2,5,2,4,2,6,2,6,2
206,23588,Hungarian Grand Prix,sainz,toro_rosso,7,3,9,3,14,4,7,3,14,4
207,23589,Hungarian Grand Prix,perez,force_india,8,3,14,4,9,3,8,3,17,4
208,23590,Hungarian Grand Prix,ocon,force_india,9,3,11,4,12,4,9,3,9,3
209,23591,Hungarian Grand Prix,vandoorne,mclaren,10,3,8,3,15,4,10,3,10,3
210,23592,Hungarian Grand Prix,kvyat,toro_rosso,11,4,16,4,7,3,11,4,15,4
211,23593,Hungarian Grand Prix,jolyon_palmer,renault,12,4,10,3,13,4,12,4,8,3
212,23594,Hungarian Grand Prix,kevin_magnussen,haas,13,4,15,4,20,4,13,4,13,4
213,23595,Hungarian Grand Prix,stroll,williams,14,4,17,4,5,2,14,4,18,4
214,23596,Hungarian Grand Prix,wehrlein,sauber,15,4,18,4,8,3,15,4,16,4
215,23597,Hungarian Grand Prix,ericsson,sauber,16,4,20,4,11,4,16,4,20,4
216,23598,Hungarian Grand Prix,hulkenberg,renault,17,4,13,4,10,3,17,4,12,4
217,23599,Hungarian Grand Prix,resta,williams,0,4,19,4,6,2,18,4,19,4
218,23600,Hungarian Grand Prix,grosjean,haas,0,4,12,4,19,4,19,4,11,4
219,23601,Hungarian Grand Prix,ricciardo,red_bull,0,4,7,3,16,4,20,4,4,2
220,23602,Belgian Grand Prix,hamilton,mercedes,1,1,1,1,1,1,1,1,1,1
221,23603,Belgian Grand Prix,vettel,ferrari,2,1,2,1,3,1,2,1,2,1
222,23604,Belgian Grand Prix,ricciardo,red_bull,3,1,6,2,7,3,3,1,5,2
223,23605,Belgian Grand Prix,raikkonen,ferrari,4,2,3,1,5,2,6,2,3,1
224,23606,Belgian Grand Prix,bottas,mercedes,5,2,4,2,2,1,4,2,7,3
225,23607,Belgian Grand Prix,hulkenberg,renault,6,2,7,3,8,3,7,3,9,3
226,23608,Belgian Grand Prix,grosjean,haas,7,3,10,3,4,2,8,3,11,4
227,23609,Belgian Grand Prix,massa,williams,8,3,14,4,20,4,9,3,20,4
228,23610,Belgian Grand Prix,ocon,force_india,9,3,11,4,10,3,10,3,8,3
229,23611,Belgian Grand Prix,sainz,toro_rosso,10,3,13,4,13,4,11,4,14,4
230,23612,Belgian Grand Prix,stroll,williams,11,4,16,4,15,4,12,4,17,4
231,23613,Belgian Grand Prix,kvyat,toro_rosso,12,4,19,4,19,4,13,4,18,4
232,23614,Belgian Grand Prix,jolyon_palmer,renault,13,4,15,4,14,4,14,4,10,3
233,23615,Belgian Grand Prix,vandoorne,mclaren,14,4,20,4,16,4,15,4,12,4
234,23616,Belgian Grand Prix,kevin_magnussen,haas,15,4,12,4,12,4,16,4,13,4
235,23617,Belgian Grand Prix,ericsson,sauber,16,4,17,4,17,4,17,4,19,4
236,23618,Belgian Grand Prix,perez,force_india,17,4,9,3,9,3,18,4,15,4
237,23619,Belgian Grand Prix,alonso,mclaren,0,4,8,3,11,4,19,4,6,2
238,23620,Belgian Grand Prix,max_verstappen,red_bull,0,4,5,2,6,2,5,2,4,2
239,23621,Belgian Grand Prix,wehrlein,sauber,0,4,18,4,18,4,20,4,16,4
240,23622,Italian Grand Prix,hamilton,mercedes,1,1,1,1,1,1,1,1,1,1
241,23623,Italian Grand Prix,bottas,mercedes,2,1,6,2,18,4,3,1,6,2
242,23624,Italian Grand Prix,vettel,ferrari,3,1,5,2,4,2,6,2,2,1
243,23625,Italian Grand Prix,ricciardo,red_bull,4,2,16,4,10,3,7,3,15,4
244,23626,Italian Grand Prix,raikkonen,ferrari,5,2,3,1,2,1,4,2,4,2
245,23627,Italian Grand Prix,ocon,force_india,6,2,4,2,16,4,5,2,3,1
246,23628,Italian Grand Prix,stroll,williams,7,3,2,1,17,4,2,1,10,3
247,23629,Italian Grand Prix,massa,williams,8,3,7,3,5,2,8,3,20,4
248,23630,Italian Grand Prix,perez,force_india,9,3,10,3,13,4,9,3,18,4
249,23631,Italian Grand Prix,max_verstappen,red_bull,10,3,13,4,11,4,10,3,5,2
250,23632,Italian Grand Prix,kevin_magnussen,haas,11,4,9,3,19,4,11,4,9,3
251,23633,Italian Grand Prix,kvyat,toro_rosso,12,4,8,3,15,4,12,4,16,4
252,23634,Italian Grand Prix,hulkenberg,renault,13,4,14,4,9,3,13,4,11,4
253,23635,Italian Grand Prix,sainz,toro_rosso,14,4,15,4,8,3,14,4,17,4
254,23636,Italian Grand Prix,grosjean,haas,15,4,19,4,20,4,15,4,12,4
255,23637,Italian Grand Prix,wehrlein,sauber,16,4,12,4,12,4,16,4,14,4
256,23638,Italian Grand Prix,alonso,mclaren,17,4,17,4,3,1,17,4,13,4
257,23639,Italian Grand Prix,ericsson,sauber,18,4,11,4,14,4,18,4,19,4
258,23640,Italian Grand Prix,vandoorne,mclaren,0,4,20,4,6,2,19,4,8,3
259,23641,Italian Grand Prix,jolyon_palmer,renault,0,4,18,4,7,3,20,4,7,3
260,23642,Singapore Grand Prix,hamilton,mercedes,1,1,4,2,18,4,3,1,2,1
261,23643,Singapore Grand Prix,ricciardo,red_bull,2,1,5,2,2,1,2,1,3,1
262,23644,Singapore Grand Prix,bottas,mercedes,3,1,7,3,14,4,4,2,12,4
263,23645,Singapore Grand Prix,sainz,toro_rosso,4,2,10,3,6,2,5,2,14,4
264,23646,Singapore Grand Prix,perez,force_india,5,2,12,4,9,3,6,2,16,4
265,23647,Singapore Grand Prix,jolyon_palmer,renault,6,2,11,4,8,3,7,3,7,3
266,23648,Singapore Grand Prix,vandoorne,mclaren,7,3,9,3,5,2,8,3,8,3
267,23649,Singapore Grand Prix,stroll,williams,8,3,18,4,13,4,9,3,19,4
268,23650,Singapore Grand Prix,grosjean,haas,9,3,13,4,20,4,10,3,9,3
269,23651,Singapore Grand Prix,ocon,force_india,10,3,15,4,12,4,11,4,10,3
270,23652,Singapore Grand Prix,massa,williams,11,4,16,4,17,4,12,4,20,4
271,23653,Singapore Grand Prix,wehrlein,sauber,12,4,19,4,15,4,13,4,15,4
272,23654,Singapore Grand Prix,kevin_magnussen,haas,0,4,17,4,19,4,14,4,13,4
273,23655,Singapore Grand Prix,hulkenberg,renault,0,4,8,3,4,2,15,4,11,4
274,23656,Singapore Grand Prix,ericsson,sauber,0,4,20,4,16,4,16,4,18,4
275,23657,Singapore Grand Prix,kvyat,toro_rosso,0,4,14,4,10,3,17,4,17,4
276,23658,Singapore Grand Prix,alonso,mclaren,0,4,6,2,11,4,18,4,6,2
277,23659,Singapore Grand Prix,vettel,ferrari,0,4,1,1,1,1,1,1,1,1
278,23660,Singapore Grand Prix,max_verstappen,red_bull,0,4,3,1,3,1,19,4,4,2
279,23661,Singapore Grand Prix,raikkonen,ferrari,0,4,2,1,7,3,20,4,5,2
280,23662,Malaysian Grand Prix,max_verstappen,red_bull,1,1,3,1,13,4,3,1,3,1
281,23663,Malaysian Grand Prix,hamilton,mercedes,2,1,2,1,1,1,4,2,1,1
282,23664,Malaysian Grand Prix,ricciardo,red_bull,3,1,4,2,12,4,1,1,4,2
283,23665,Malaysian Grand Prix,vettel,ferrari,4,2,18,4,14,4,5,2,11,4
284,23666,Malaysian Grand Prix,bottas,mercedes,5,2,5,2,15,4,6,2,5,2
285,23667,Malaysian Grand Prix,perez,force_india,6,2,11,4,6,2,9,3,14,4
286,23668,Malaysian Grand Prix,vandoorne,mclaren,7,3,7,3,10,3,7,3,10,3
287,23669,Malaysian Grand Prix,stroll,williams,8,3,13,4,2,1,10,3,18,4
288,23670,Malaysian Grand Prix,massa,williams,9,3,10,3,16,4,11,4,19,4
289,23671,Malaysian Grand Prix,ocon,force_india,10,3,6,2,11,4,12,4,7,3
290,23672,Malaysian Grand Prix,alonso,mclaren,11,4,8,3,17,4,13,4,6,2
291,23673,Malaysian Grand Prix,kevin_magnussen,haas,12,4,17,4,20,4,14,4,13,4
292,23674,Malaysian Grand Prix,grosjean,haas,13,4,14,4,19,4,15,4,12,4
293,23675,Malaysian Grand Prix,gasly,toro_rosso,14,4,16,4,3,1,16,4,17,4
294,23676,Malaysian Grand Prix,jolyon_palmer,renault,15,4,12,4,5,2,17,4,8,3
295,23677,Malaysian Grand Prix,hulkenberg,renault,16,4,9,3,8,3,8,3,9,3
296,23678,Malaysian Grand Prix,wehrlein,sauber,17,4,19,4,7,3,18,4,16,4
297,23679,Malaysian Grand Prix,ericsson,sauber,18,4,20,4,9,3,19,4,20,4
298,23680,Malaysian Grand Prix,sainz,toro_rosso,0,4,15,4,4,2,20,4,15,4
299,23681,Malaysian Grand Prix,raikkonen,ferrari,0,4,1,1,18,4,2,1,2,1
300,23682,Japanese Grand Prix,hamilton,mercedes,1,1,1,1,1,1,1,1,1,1
301,23683,Japanese Grand Prix,max_verstappen,red_bull,2,1,4,2,7,3,3,1,4,2
302,23684,Japanese Grand Prix,ricciardo,red_bull,3,1,3,1,5,2,4,2,3,1
303,23685,Japanese Grand Prix,bottas,mercedes,4,2,7,3,18,4,5,2,8,3
304,23686,Japanese Grand Prix,raikkonen,ferrari,5,2,9,3,4,2,6,2,6,2
305,23687,Japanese Grand Prix,ocon,force_india,6,2,5,2,9,3,7,3,5,2
306,23688,Japanese Grand Prix,perez,force_india,7,3,8,3,15,4,8,3,14,4
307,23689,Japanese Grand Prix,kevin_magnussen,haas,8,3,13,4,19,4,9,3,11,4
308,23690,Japanese Grand Prix,grosjean,haas,9,3,11,4,20,4,10,3,10,3
309,23691,Japanese Grand Prix,massa,williams,10,3,6,2,3,1,11,4,18,4
310,23692,Japanese Grand Prix,alonso,mclaren,11,4,18,4,6,2,12,4,13,4
311,23693,Japanese Grand Prix,jolyon_palmer,renault,12,4,19,4,10,3,13,4,7,3
312,23694,Japanese Grand Prix,gasly,toro_rosso,13,4,14,4,12,4,14,4,17,4
313,23695,Japanese Grand Prix,vandoorne,mclaren,14,4,10,3,11,4,15,4,9,3
314,23696,Japanese Grand Prix,wehrlein,sauber,15,4,17,4,16,4,16,4,15,4
315,23697,Japanese Grand Prix,stroll,williams,0,4,15,4,8,3,17,4,20,4
316,23698,Japanese Grand Prix,hulkenberg,renault,0,4,12,4,14,4,18,4,12,4
317,23699,Japanese Grand Prix,ericsson,sauber,0,4,16,4,17,4,19,4,19,4
318,23700,Japanese Grand Prix,vettel,ferrari,0,4,2,1,2,1,2,1,2,1
319,23701,Japanese Grand Prix,sainz,toro_rosso,0,4,20,4,13,4,20,4,16,4
320,23702,United States Grand Prix,hamilton,mercedes,1,1,1,1,1,1,1,1,1,1
321,23703,United States Grand Prix,vettel,ferrari,2,1,2,1,2,1,2,1,2,1
322,23704,United States Grand Prix,raikkonen,ferrari,3,1,3,1,5,2,3,1,6,2
323,23705,United States Grand Prix,max_verstappen,red_bull,4,2,16,4,16,4,4,2,9,3
324,23706,United States Grand Prix,bottas,mercedes,5,2,4,2,3,1,5,2,5,2
325,23707,United States Grand Prix,ocon,force_india,6,2,7,3,6,2,6,2,7,3
326,23708,United States Grand Prix,sainz,renault,7,3,8,3,7,3,7,3,8,3
327,23709,United States Grand Prix,perez,force_india,8,3,10,3,8,3,8,3,20,4
328,23710,United States Grand Prix,massa,williams,9,3,9,3,18,4,9,3,14,4
329,23711,United States Grand Prix,kvyat,toro_rosso,10,3,12,4,9,3,10,3,18,4
330,23712,United States Grand Prix,stroll,williams,11,4,15,4,11,4,11,4,17,4
331,23713,United States Grand Prix,vandoorne,mclaren,12,4,20,4,13,4,12,4,11,4
332,23714,United States Grand Prix,brendon_hartley,toro_rosso,13,4,19,4,15,4,13,4,19,4
333,23715,United States Grand Prix,grosjean,haas,14,4,11,4,20,4,14,4,10,3
334,23716,United States Grand Prix,ericsson,sauber,15,4,13,4,12,4,15,4,16,4
335,23717,United States Grand Prix,kevin_magnussen,haas,16,4,17,4,19,4,16,4,12,4
336,23718,United States Grand Prix,alonso,mclaren,0,4,6,2,10,3,17,4,4,2
337,23719,United States Grand Prix,ricciardo,red_bull,0,4,5,2,4,2,18,4,3,1
338,23720,United States Grand Prix,wehrlein,sauber,0,4,14,4,14,4,19,4,13,4
339,23721,United States Grand Prix,hulkenberg,renault,0,4,18,4,17,4,20,4,15,4
340,23722,Mexican Grand Prix,max_verstappen,red_bull,1,1,3,1,3,1,3,1,3,1
341,23723,Mexican Grand Prix,bottas,mercedes,2,1,5,2,5,2,2,1,6,2
342,23724,Mexican Grand Prix,raikkonen,ferrari,3,1,4,2,4,2,5,2,4,2
343,23725,Mexican Grand Prix,vettel,ferrari,4,2,1,1,1,1,1,1,2,1
344,23726,Mexican Grand Prix,ocon,force_india,5,2,6,2,6,2,6,2,7,3
345,23727,Mexican Grand Prix,stroll,williams,6,2,11,4,10,3,7,3,13,4
346,23728,Mexican Grand Prix,perez,force_india,7,3,10,3,9,3,8,3,15,4
347,23729,Mexican Grand Prix,kevin_magnussen,haas,8,3,15,4,19,4,9,3,17,4
348,23730,Mexican Grand Prix,hamilton,mercedes,9,3,2,1,2,1,4,2,1,1
349,23731,Mexican Grand Prix,alonso,mclaren,10,3,16,4,18,4,10,3,9,3
350,23732,Mexican Grand Prix,massa,williams,11,4,8,3,11,4,11,4,18,4
351,23733,Mexican Grand Prix,vandoorne,mclaren,12,4,19,4,14,4,12,4,14,4
352,23734,Mexican Grand Prix,gasly,toro_rosso,13,4,20,4,16,4,13,4,19,4
353,23735,Mexican Grand Prix,wehrlein,sauber,14,4,14,4,13,4,14,4,12,4
354,23736,Mexican Grand Prix,grosjean,haas,15,4,13,4,20,4,15,4,10,3
355,23737,Mexican Grand Prix,sainz,renault,0,4,9,3,8,3,16,4,5,2
356,23738,Mexican Grand Prix,ericsson,sauber,0,4,12,4,12,4,17,4,20,4
357,23739,Mexican Grand Prix,brendon_hartley,toro_rosso,0,4,18,4,15,4,18,4,16,4
358,23740,Mexican Grand Prix,hulkenberg,renault,0,4,7,3,7,3,19,4,8,3
359,23741,Mexican Grand Prix,ricciardo,red_bull,0,4,17,4,17,4,20,4,11,4
360,23742,Brazilian Grand Prix,vettel,ferrari,1,1,1,1,2,1,2,1,1,1
361,23743,Brazilian Grand Prix,bottas,mercedes,2,1,3,1,1,1,1,1,5,2
362,23744,Brazilian Grand Prix,raikkonen,ferrari,3,1,2,1,3,1,3,1,2,1
363,23745,Brazilian Grand Prix,hamilton,mercedes,4,2,18,4,20,4,4,2,8,3
364,23746,Brazilian Grand Prix,max_verstappen,red_bull,5,2,5,2,4,2,5,2,3,1
365,23747,Brazilian Grand Prix,ricciardo,red_bull,6,2,14,4,14,4,6,2,9,3
366,23748,Brazilian Grand Prix,massa,williams,7,3,7,3,17,4,7,3,16,4
367,23749,Brazilian Grand Prix,alonso,mclaren,8,3,4,2,9,3,8,3,4,2
368,23750,Brazilian Grand Prix,perez,force_india,9,3,6,2,5,2,9,3,14,4
369,23751,Brazilian Grand Prix,hulkenberg,renault,10,3,8,3,6,2,10,3,7,3
370,23752,Brazilian Grand Prix,sainz,renault,11,4,9,3,7,3,11,4,10,3
371,23753,Brazilian Grand Prix,gasly,toro_rosso,12,4,20,4,13,4,12,4,19,4
372,23754,Brazilian Grand Prix,ericsson,sauber,13,4,17,4,16,4,13,4,20,4
373,23755,Brazilian Grand Prix,wehrlein,sauber,14,4,15,4,15,4,14,4,15,4
374,23756,Brazilian Grand Prix,grosjean,haas,15,4,10,3,18,4,15,4,12,4
375,23757,Brazilian Grand Prix,stroll,williams,16,4,16,4,11,4,16,4,18,4
376,23758,Brazilian Grand Prix,brendon_hartley,toro_rosso,0,4,19,4,12,4,17,4,17,4
377,23759,Brazilian Grand Prix,ocon,force_india,0,4,11,4,10,3,18,4,6,2
378,23760,Brazilian Grand Prix,vandoorne,mclaren,0,4,12,4,8,3,19,4,11,4
379,23761,Brazilian Grand Prix,kevin_magnussen,haas,0,4,13,4,19,4,20,4,13,4
380,23762,Abu Dhabi Grand Prix,bottas,mercedes,1,1,3,1,3,1,2,1,6,2
381,23763,Abu Dhabi Grand Prix,hamilton,mercedes,2,1,1,1,1,1,1,1,1,1
382,23764,Abu Dhabi Grand Prix,vettel,ferrari,3,1,2,1,2,1,3,1,2,1
383,23765,Abu Dhabi Grand Prix,raikkonen,ferrari,4,2,4,2,4,2,4,2,5,2
384,23766,Abu Dhabi Grand Prix,max_verstappen,red_bull,5,2,6,2,11,4,5,2,4,2
385,23767,Abu Dhabi Grand Prix,hulkenberg,renault,6,2,7,3,9,3,6,2,10,3
386,23768,Abu Dhabi Grand Prix,perez,force_india,7,3,9,3,15,4,7,3,15,4
387,23769,Abu Dhabi Grand Prix,ocon,force_india,8,3,11,4,16,4,8,3,7,3
388,23770,Abu Dhabi Grand Prix,alonso,mclaren,9,3,10,3,7,3,9,3,8,3
389,23771,Abu Dhabi Grand Prix,massa,williams,10,3,8,3,6,2,10,3,16,4
390,23772,Abu Dhabi Grand Prix,grosjean,haas,11,4,14,4,20,4,11,4,13,4
391,23773,Abu Dhabi Grand Prix,vandoorne,mclaren,12,4,13,4,8,3,12,4,9,3
392,23774,Abu Dhabi Grand Prix,kevin_magnussen,haas,13,4,15,4,19,4,13,4,12,4
393,23775,Abu Dhabi Grand Prix,wehrlein,sauber,14,4,18,4,17,4,14,4,14,4
394,23776,Abu Dhabi Grand Prix,brendon_hartley,toro_rosso,15,4,20,4,12,4,15,4,20,4
395,23777,Abu Dhabi Grand Prix,gasly,toro_rosso,16,4,17,4,13,4,16,4,18,4
396,23778,Abu Dhabi Grand Prix,ericsson,sauber,17,4,19,4,18,4,17,4,19,4
397,23779,Abu Dhabi Grand Prix,stroll,williams,18,4,16,4,10,3,18,4,17,4
398,23780,Abu Dhabi Grand Prix,sainz,renault,0,4,12,4,14,4,19,4,11,4
399,23781,Abu Dhabi Grand Prix,ricciardo,red_bull,0,4,5,2,5,2,20,4,3,1
